 cookie=0x0, duration=9.789s, table=0, n_packets=1, n_bytes=46, idle_timeout=10, hard_timeout=30, reset_counts priority=65535,udp,in_port=47,vlan_tci=0x0000/0x1fff,dl_src=b2:42:b0:48:82:61,dl_dst=ba:96:48:c9:52:b8,nw_src=10.60.0.47,nw_dst=10.20.0.48,nw_tos=0,tp_src=36569,tp_dst=80 actions=output:50
 cookie=0x0, duration=9.741s, table=0, n_packets=1, n_bytes=46, idle_timeout=10, hard_timeout=30, reset_counts priority=65535,udp,in_port=6,vlan_tci=0x0000/0x1fff,dl_src=02:28:5c:dc:09:3e,dl_dst=ba:96:48:c9:52:b8,nw_src=10.10.0.6,nw_dst=10.60.0.17,nw_tos=0,tp_src=33153,tp_dst=80 actions=output:50
 cookie=0x0, duration=9.639s, table=0, n_packets=1, n_bytes=46, idle_timeout=10, hard_timeout=30, reset_counts priority=65535,udp,in_port=9,vlan_tci=0x0000/0x1fff,dl_src=0e:9b:1e:e9:4c:ab,dl_dst=ba:96:48:c9:52:b8,nw_src=10.20.0.9,nw_dst=10.50.0.45,nw_tos=0,tp_src=47916,tp_dst=80 actions=output:50
 cookie=0x0, duration=9.585s, table=0, n_packets=1, n_bytes=46, idle_timeout=10, hard_timeout=30, reset_counts priority=65535,udp,in_port=36,vlan_tci=0x0000/0x1fff,dl_src=6a:66:55:5e:ee:43,dl_dst=ba:96:48:c9:52:b8,nw_src=10.50.0.36,nw_dst=10.20.0.43,nw_tos=0,tp_src=39009,tp_dst=80 actions=output:50
 cookie=0x0, duration=9.584s, table=0, n_packets=1, n_bytes=46, idle_timeout=10, hard_timeout=30, reset_counts priority=65535,udp,in_port=12,vlan_tci=0x0000/0x1fff,dl_src=fa:0d:7b:a8:05:89,dl_dst=ba:96:48:c9:52:b8,nw_src=10.20.0.12,nw_dst=10.50.0.22,nw_tos=0,tp_src=53767,tp_dst=80 actions=output:50
 cookie=0x0, duration=9.558s, table=0, n_packets=1, n_bytes=46, idle_timeout=10, hard_timeout=30, reset_counts priority=65535,udp,in_port=13,vlan_tci=0x0000/0x1fff,dl_src=62:a5:59:b8:8c:5d,dl_dst=ba:96:48:c9:52:b8,nw_src=10.20.0.13,nw_dst=10.60.0.20,nw_tos=0,tp_src=43062,tp_dst=80 actions=output:50
 cookie=0x0, duration=9.547s, table=0, n_packets=1, n_bytes=46, idle_timeout=10, hard_timeout=30, reset_counts priority=65535,udp,in_port=13,vlan_tci=0x0000/0x1fff,dl_src=62:a5:59:b8:8c:5d,dl_dst=ba:96:48:c9:52:b8,nw_src=10.20.0.13,nw_dst=10.10.0.36,nw_tos=0,tp_src=56807,tp_dst=80 actions=output:50
 cookie=0x0, duration=9.537s, table=0, n_packets=1, n_bytes=46, idle_timeout=10, hard_timeout=30, reset_counts priority=65535,udp,in_port=2,vlan_tci=0x0000/0x1fff,dl_src=86:27:34:34:84:e5,dl_dst=ba:96:48:c9:52:b8,nw_src=10.10.0.2,nw_dst=10.20.0.15,nw_tos=0,tp_src=34720,tp_dst=80 actions=output:50
 cookie=0x0, duration=9.470s, table=0, n_packets=1, n_bytes=46, idle_timeout=10, hard_timeout=30, reset_counts priority=65535,udp,in_port=42,vlan_tci=0x0000/0x1fff,dl_src=1e:28:23:23:43:cc,dl_dst=ba:96:48:c9:52:b8,nw_src=10.60.0.42,nw_dst=10.10.0.46,nw_tos=0,tp_src=37992,tp_dst=80 actions=output:50
 cookie=0x0, duration=9.470s, table=0, n_packets=1, n_bytes=46, idle_timeout=10, hard_timeout=30, reset_counts priority=65535,udp,in_port=10,vlan_tci=0x0000/0x1fff,dl_src=ee:28:20:d0:a5:e9,dl_dst=ba:96:48:c9:52:b8,nw_src=10.20.0.10,nw_dst=10.50.0.40,nw_tos=0,tp_src=53323,tp_dst=80 actions=output:50
 cookie=0x0, duration=9.468s, table=0, n_packets=1, n_bytes=46, idle_timeout=10, hard_timeout=30, reset_counts priority=65535,udp,in_port=11,vlan_tci=0x0000/0x1fff,dl_src=ee:cd:1c:c7:f9:53,dl_dst=ba:96:48:c9:52:b8,nw_src=10.20.0.11,nw_dst=10.60.0.37,nw_tos=0,tp_src=42653,tp_dst=80 actions=output:50
 cookie=0x0, duration=9.468s, table=0, n_packets=1, n_bytes=46, idle_timeout=10, hard_timeout=30, reset_counts priority=65535,udp,in_port=10,vlan_tci=0x0000/0x1fff,dl_src=ee:28:20:d0:a5:e9,dl_dst=ba:96:48:c9:52:b8,nw_src=10.20.0.10,nw_dst=10.50.0.18,nw_tos=0,tp_src=38721,tp_dst=80 actions=output:50
 cookie=0x0, duration=9.467s, table=0, n_packets=1, n_bytes=46, idle_timeout=10, hard_timeout=30, reset_counts priority=65535,udp,in_port=10,vlan_tci=0x0000/0x1fff,dl_src=ee:28:20:d0:a5:e9,dl_dst=ba:96:48:c9:52:b8,nw_src=10.20.0.10,nw_dst=10.50.0.42,nw_tos=0,tp_src=48276,tp_dst=80 actions=output:50
 cookie=0x0, duration=9.391s, table=0, n_packets=1, n_bytes=46, idle_timeout=10, hard_timeout=30, reset_counts priority=65535,udp,in_port=16,vlan_tci=0x0000/0x1fff,dl_src=12:d9:df:65:27:e2,dl_dst=ba:96:48:c9:52:b8,nw_src=10.20.0.16,nw_dst=10.60.0.39,nw_tos=0,tp_src=60530,tp_dst=80 actions=output:50
 cookie=0x0, duration=9.390s, table=0, n_packets=1, n_bytes=46, idle_timeout=10, hard_timeout=30, reset_counts priority=65535,udp,in_port=16,vlan_tci=0x0000/0x1fff,dl_src=12:d9:df:65:27:e2,dl_dst=ba:96:48:c9:52:b8,nw_src=10.20.0.16,nw_dst=10.60.0.48,nw_tos=0,tp_src=35805,tp_dst=80 actions=output:50
 cookie=0x0, duration=9.387s, table=0, n_packets=1, n_bytes=46, idle_timeout=10, hard_timeout=30, reset_counts priority=65535,udp,in_port=16,vlan_tci=0x0000/0x1fff,dl_src=12:d9:df:65:27:e2,dl_dst=ba:96:48:c9:52:b8,nw_src=10.20.0.16,nw_dst=10.50.0.27,nw_tos=0,tp_src=35765,tp_dst=80 actions=output:50
 cookie=0x0, duration=9.386s, table=0, n_packets=1, n_bytes=46, idle_timeout=10, hard_timeout=30, reset_counts priority=65535,udp,in_port=16,vlan_tci=0x0000/0x1fff,dl_src=12:d9:df:65:27:e2,dl_dst=ba:96:48:c9:52:b8,nw_src=10.20.0.16,nw_dst=10.50.0.37,nw_tos=0,tp_src=56231,tp_dst=80 actions=output:50
 cookie=0x0, duration=9.385s, table=0, n_packets=1, n_bytes=46, idle_timeout=10, hard_timeout=30, reset_counts priority=65535,udp,in_port=16,vlan_tci=0x0000/0x1fff,dl_src=12:d9:df:65:27:e2,dl_dst=ba:96:48:c9:52:b8,nw_src=10.20.0.16,nw_dst=10.60.0.42,nw_tos=0,tp_src=46828,tp_dst=80 actions=output:50
 cookie=0x0, duration=8.773s, table=0, n_packets=1, n_bytes=46, idle_timeout=10, hard_timeout=30, reset_counts priority=65535,udp,in_port=38,vlan_tci=0x0000/0x1fff,dl_src=9e:54:ce:fa:8a:7e,dl_dst=ba:96:48:c9:52:b8,nw_src=10.50.0.38,nw_dst=10.60.0.45,nw_tos=0,tp_src=33873,tp_dst=80 actions=output:50
 cookie=0x0, duration=8.772s, table=0, n_packets=1, n_bytes=46, idle_timeout=10, hard_timeout=30, reset_counts priority=65535,udp,in_port=45,vlan_tci=0x0000/0x1fff,dl_src=5e:4a:dc:cc:a9:38,dl_dst=ba:96:48:c9:52:b8,nw_src=10.60.0.45,nw_dst=10.20.0.45,nw_tos=0,tp_src=45234,tp_dst=80 actions=output:50
 cookie=0x0, duration=8.750s, table=0, n_packets=1, n_bytes=46, idle_timeout=10, hard_timeout=30, reset_counts priority=65535,udp,in_port=7,vlan_tci=0x0000/0x1fff,dl_src=02:6c:c4:38:66:a8,dl_dst=ba:96:48:c9:52:b8,nw_src=10.10.0.7,nw_dst=10.60.0.33,nw_tos=0,tp_src=48378,tp_dst=80 actions=output:50
 cookie=0x0, duration=8.737s, table=0, n_packets=1, n_bytes=46, idle_timeout=10, hard_timeout=30, reset_counts priority=65535,udp,in_port=6,vlan_tci=0x0000/0x1fff,dl_src=02:28:5c:dc:09:3e,dl_dst=ba:96:48:c9:52:b8,nw_src=10.10.0.6,nw_dst=10.20.0.23,nw_tos=0,tp_src=40632,tp_dst=80 actions=output:50
 cookie=0x0, duration=8.736s, table=0, n_packets=1, n_bytes=46, idle_timeout=10, hard_timeout=30, reset_counts priority=65535,udp,in_port=6,vlan_tci=0x0000/0x1fff,dl_src=02:28:5c:dc:09:3e,dl_dst=ba:96:48:c9:52:b8,nw_src=10.10.0.6,nw_dst=10.20.0.35,nw_tos=0,tp_src=44475,tp_dst=80 actions=output:50
 cookie=0x0, duration=8.668s, table=0, n_packets=1, n_bytes=46, idle_timeout=10, hard_timeout=30, reset_counts priority=65535,udp,in_port=33,vlan_tci=0x0000/0x1fff,dl_src=52:18:a9:77:41:07,dl_dst=ba:96:48:c9:52:b8,nw_src=10.50.0.33,nw_dst=10.60.0.40,nw_tos=0,tp_src=50206,tp_dst=80 actions=output:50
 cookie=0x0, duration=8.663s, table=0, n_packets=1, n_bytes=46, idle_timeout=10, hard_timeout=30, reset_counts priority=65535,udp,in_port=41,vlan_tci=0x0000/0x1fff,dl_src=46:aa:e1:52:10:fa,dl_dst=ba:96:48:c9:52:b8,nw_src=10.60.0.41,nw_dst=10.10.0.42,nw_tos=0,tp_src=58211,tp_dst=80 actions=output:50
 cookie=0x0, duration=8.635s, table=0, n_packets=1, n_bytes=46, idle_timeout=10, hard_timeout=30, reset_counts priority=65535,udp,in_port=34,vlan_tci=0x0000/0x1fff,dl_src=fa:09:ac:bf:ba:8a,dl_dst=ba:96:48:c9:52:b8,nw_src=10.50.0.34,nw_dst=10.20.0.34,nw_tos=0,tp_src=40857,tp_dst=80 actions=output:50
 cookie=0x0, duration=8.568s, table=0, n_packets=1, n_bytes=46, idle_timeout=10, hard_timeout=30, reset_counts priority=65535,udp,in_port=12,vlan_tci=0x0000/0x1fff,dl_src=fa:0d:7b:a8:05:89,dl_dst=ba:96:48:c9:52:b8,nw_src=10.20.0.12,nw_dst=10.60.0.17,nw_tos=0,tp_src=40208,tp_dst=80 actions=output:50
 cookie=0x0, duration=8.562s, table=0, n_packets=1, n_bytes=46, idle_timeout=10, hard_timeout=30, reset_counts priority=65535,udp,in_port=12,vlan_tci=0x0000/0x1fff,dl_src=fa:0d:7b:a8:05:89,dl_dst=ba:96:48:c9:52:b8,nw_src=10.20.0.12,nw_dst=10.50.0.41,nw_tos=0,tp_src=43510,tp_dst=80 actions=output:50
 cookie=0x0, duration=8.557s, table=0, n_packets=1, n_bytes=46, idle_timeout=10, hard_timeout=30, reset_counts priority=65535,udp,in_port=5,vlan_tci=0x0000/0x1fff,dl_src=76:2b:05:80:ee:98,dl_dst=ba:96:48:c9:52:b8,nw_src=10.10.0.5,nw_dst=10.20.0.15,nw_tos=0,tp_src=51864,tp_dst=80 actions=output:50
 cookie=0x0, duration=8.540s, table=0, n_packets=1, n_bytes=46, idle_timeout=10, hard_timeout=30, reset_counts priority=65535,udp,in_port=37,vlan_tci=0x0000/0x1fff,dl_src=a2:43:7d:d2:a2:f9,dl_dst=ba:96:48:c9:52:b8,nw_src=10.50.0.37,nw_dst=10.10.0.47,nw_tos=0,tp_src=41489,tp_dst=80 actions=output:50
 cookie=0x0, duration=8.539s, table=0, n_packets=1, n_bytes=46, idle_timeout=10, hard_timeout=30, reset_counts priority=65535,udp,in_port=13,vlan_tci=0x0000/0x1fff,dl_src=62:a5:59:b8:8c:5d,dl_dst=ba:96:48:c9:52:b8,nw_src=10.20.0.13,nw_dst=10.10.0.35,nw_tos=0,tp_src=36125,tp_dst=80 actions=output:50
 cookie=0x0, duration=8.467s, table=0, n_packets=1, n_bytes=46, idle_timeout=10, hard_timeout=30, reset_counts priority=65535,udp,in_port=11,vlan_tci=0x0000/0x1fff,dl_src=ee:cd:1c:c7:f9:53,dl_dst=ba:96:48:c9:52:b8,nw_src=10.20.0.11,nw_dst=10.10.0.34,nw_tos=0,tp_src=47183,tp_dst=80 actions=output:50
 cookie=0x0, duration=8.466s, table=0, n_packets=1, n_bytes=46, idle_timeout=10, hard_timeout=30, reset_counts priority=65535,udp,in_port=10,vlan_tci=0x0000/0x1fff,dl_src=ee:28:20:d0:a5:e9,dl_dst=ba:96:48:c9:52:b8,nw_src=10.20.0.10,nw_dst=10.50.0.21,nw_tos=0,tp_src=47711,tp_dst=80 actions=output:50
 cookie=0x0, duration=8.465s, table=0, n_packets=1, n_bytes=46, idle_timeout=10, hard_timeout=30, reset_counts priority=65535,udp,in_port=11,vlan_tci=0x0000/0x1fff,dl_src=ee:cd:1c:c7:f9:53,dl_dst=ba:96:48:c9:52:b8,nw_src=10.20.0.11,nw_dst=10.10.0.39,nw_tos=0,tp_src=58675,tp_dst=80 actions=output:50
 cookie=0x0, duration=8.464s, table=0, n_packets=1, n_bytes=46, idle_timeout=10, hard_timeout=30, reset_counts priority=65535,udp,in_port=10,vlan_tci=0x0000/0x1fff,dl_src=ee:28:20:d0:a5:e9,dl_dst=ba:96:48:c9:52:b8,nw_src=10.20.0.10,nw_dst=10.10.0.12,nw_tos=0,tp_src=55856,tp_dst=80 actions=output:50
 cookie=0x0, duration=8.454s, table=0, n_packets=1, n_bytes=46, idle_timeout=10, hard_timeout=30, reset_counts priority=65535,udp,in_port=15,vlan_tci=0x0000/0x1fff,dl_src=9e:5b:d0:da:3c:e6,dl_dst=ba:96:48:c9:52:b8,nw_src=10.20.0.15,nw_dst=10.50.0.20,nw_tos=0,tp_src=53225,tp_dst=80 actions=output:50
 cookie=0x0, duration=8.453s, table=0, n_packets=1, n_bytes=46, idle_timeout=10, hard_timeout=30, reset_counts priority=65535,udp,in_port=15,vlan_tci=0x0000/0x1fff,dl_src=9e:5b:d0:da:3c:e6,dl_dst=ba:96:48:c9:52:b8,nw_src=10.20.0.15,nw_dst=10.10.0.28,nw_tos=0,tp_src=49762,tp_dst=80 actions=output:50
 cookie=0x0, duration=8.385s, table=0, n_packets=1, n_bytes=46, idle_timeout=10, hard_timeout=30, reset_counts priority=65535,udp,in_port=16,vlan_tci=0x0000/0x1fff,dl_src=12:d9:df:65:27:e2,dl_dst=ba:96:48:c9:52:b8,nw_src=10.20.0.16,nw_dst=10.10.0.31,nw_tos=0,tp_src=50321,tp_dst=80 actions=output:50
 cookie=0x0, duration=8.384s, table=0, n_packets=1, n_bytes=46, idle_timeout=10, hard_timeout=30, reset_counts priority=65535,udp,in_port=16,vlan_tci=0x0000/0x1fff,dl_src=12:d9:df:65:27:e2,dl_dst=ba:96:48:c9:52:b8,nw_src=10.20.0.16,nw_dst=10.50.0.44,nw_tos=0,tp_src=38177,tp_dst=80 actions=output:50
 cookie=0x0, duration=7.808s, table=0, n_packets=1, n_bytes=46, idle_timeout=10, hard_timeout=30, reset_counts priority=65535,udp,in_port=43,vlan_tci=0x0000/0x1fff,dl_src=56:2d:78:ba:2b:c0,dl_dst=ba:96:48:c9:52:b8,nw_src=10.60.0.43,nw_dst=10.10.0.46,nw_tos=0,tp_src=41931,tp_dst=80 actions=output:50
 cookie=0x0, duration=7.779s, table=0, n_packets=1, n_bytes=46, idle_timeout=10, hard_timeout=30, reset_counts priority=65535,udp,in_port=45,vlan_tci=0x0000/0x1fff,dl_src=5e:4a:dc:cc:a9:38,dl_dst=ba:96:48:c9:52:b8,nw_src=10.60.0.45,nw_dst=10.20.0.46,nw_tos=0,tp_src=43808,tp_dst=80 actions=output:50
 cookie=0x0, duration=7.714s, table=0, n_packets=1, n_bytes=46, idle_timeout=10, hard_timeout=30, reset_counts priority=65535,udp,in_port=6,vlan_tci=0x0000/0x1fff,dl_src=02:28:5c:dc:09:3e,dl_dst=ba:96:48:c9:52:b8,nw_src=10.10.0.6,nw_dst=10.20.0.33,nw_tos=0,tp_src=56700,tp_dst=80 actions=output:50
 cookie=0x0, duration=7.664s, table=0, n_packets=1, n_bytes=46, idle_timeout=10, hard_timeout=30, reset_counts priority=65535,udp,in_port=33,vlan_tci=0x0000/0x1fff,dl_src=52:18:a9:77:41:07,dl_dst=ba:96:48:c9:52:b8,nw_src=10.50.0.33,nw_dst=10.10.0.42,nw_tos=0,tp_src=59577,tp_dst=80 actions=output:50
 cookie=0x0, duration=7.662s, table=0, n_packets=1, n_bytes=46, idle_timeout=10, hard_timeout=30, reset_counts priority=65535,udp,in_port=41,vlan_tci=0x0000/0x1fff,dl_src=46:aa:e1:52:10:fa,dl_dst=16:78:a7:31:21:63,nw_src=10.60.0.41,nw_dst=10.60.0.46,nw_tos=0,tp_src=58612,tp_dst=80 actions=output:46
 cookie=0x0, duration=7.639s, table=0, n_packets=1, n_bytes=46, idle_timeout=10, hard_timeout=30, reset_counts priority=65535,udp,in_port=9,vlan_tci=0x0000/0x1fff,dl_src=0e:9b:1e:e9:4c:ab,dl_dst=ba:96:48:c9:52:b8,nw_src=10.20.0.9,nw_dst=10.60.0.33,nw_tos=0,tp_src=39211,tp_dst=80 actions=output:50
 cookie=0x0, duration=7.635s, table=0, n_packets=1, n_bytes=46, idle_timeout=10, hard_timeout=30, reset_counts priority=65535,udp,in_port=34,vlan_tci=0x0000/0x1fff,dl_src=fa:09:ac:bf:ba:8a,dl_dst=ba:96:48:c9:52:b8,nw_src=10.50.0.34,nw_dst=10.10.0.43,nw_tos=0,tp_src=49586,tp_dst=80 actions=output:50
 cookie=0x0, duration=7.603s, table=0, n_packets=1, n_bytes=46, idle_timeout=10, hard_timeout=30, reset_counts priority=65535,udp,in_port=14,vlan_tci=0x0000/0x1fff,dl_src=c2:64:43:ce:4d:3b,dl_dst=9e:5b:d0:da:3c:e6,nw_src=10.20.0.14,nw_dst=10.20.0.15,nw_tos=0,tp_src=52222,tp_dst=80 actions=output:15
 cookie=0x0, duration=7.602s, table=0, n_packets=1, n_bytes=46, idle_timeout=10, hard_timeout=30, reset_counts priority=65535,udp,in_port=36,vlan_tci=0x0000/0x1fff,dl_src=6a:66:55:5e:ee:43,dl_dst=a2:43:7d:d2:a2:f9,nw_src=10.50.0.36,nw_dst=10.50.0.37,nw_tos=0,tp_src=35381,tp_dst=80 actions=output:37
 cookie=0x0, duration=7.574s, table=0, n_packets=1, n_bytes=46, idle_timeout=10, hard_timeout=30, reset_counts priority=65535,udp,in_port=12,vlan_tci=0x0000/0x1fff,dl_src=fa:0d:7b:a8:05:89,dl_dst=ba:96:48:c9:52:b8,nw_src=10.20.0.12,nw_dst=10.60.0.21,nw_tos=0,tp_src=53817,tp_dst=80 actions=output:50
 cookie=0x0, duration=7.573s, table=0, n_packets=1, n_bytes=46, idle_timeout=10, hard_timeout=30, reset_counts priority=65535,udp,in_port=12,vlan_tci=0x0000/0x1fff,dl_src=fa:0d:7b:a8:05:89,dl_dst=ba:96:48:c9:52:b8,nw_src=10.20.0.12,nw_dst=10.60.0.23,nw_tos=0,tp_src=45743,tp_dst=80 actions=output:50
 cookie=0x0, duration=7.568s, table=0, n_packets=1, n_bytes=46, idle_timeout=10, hard_timeout=30, reset_counts priority=65535,udp,in_port=12,vlan_tci=0x0000/0x1fff,dl_src=fa:0d:7b:a8:05:89,dl_dst=ba:96:48:c9:52:b8,nw_src=10.20.0.12,nw_dst=10.50.0.29,nw_tos=0,tp_src=60377,tp_dst=80 actions=output:50
 cookie=0x0, duration=7.558s, table=0, n_packets=1, n_bytes=46, idle_timeout=10, hard_timeout=30, reset_counts priority=65535,udp,in_port=5,vlan_tci=0x0000/0x1fff,dl_src=76:2b:05:80:ee:98,dl_dst=ba:96:48:c9:52:b8,nw_src=10.10.0.5,nw_dst=10.20.0.10,nw_tos=0,tp_src=38201,tp_dst=80 actions=output:50
 cookie=0x0, duration=7.457s, table=0, n_packets=1, n_bytes=46, idle_timeout=10, hard_timeout=30, reset_counts priority=65535,udp,in_port=8,vlan_tci=0x0000/0x1fff,dl_src=92:4f:e6:31:1b:10,dl_dst=ba:96:48:c9:52:b8,nw_src=10.10.0.8,nw_dst=10.20.0.30,nw_tos=0,tp_src=36469,tp_dst=80 actions=output:50
 cookie=0x0, duration=7.455s, table=0, n_packets=1, n_bytes=46, idle_timeout=10, hard_timeout=30, reset_counts priority=65535,udp,in_port=3,vlan_tci=0x0000/0x1fff,dl_src=46:b5:b8:3f:37:13,dl_dst=ba:96:48:c9:52:b8,nw_src=10.10.0.3,nw_dst=10.60.0.39,nw_tos=0,tp_src=52237,tp_dst=80 actions=output:50
 cookie=0x0, duration=7.454s, table=0, n_packets=1, n_bytes=46, idle_timeout=10, hard_timeout=30, reset_counts priority=65535,udp,in_port=3,vlan_tci=0x0000/0x1fff,dl_src=46:b5:b8:3f:37:13,dl_dst=ba:96:48:c9:52:b8,nw_src=10.10.0.3,nw_dst=10.50.0.6,nw_tos=0,tp_src=36299,tp_dst=80 actions=output:50
 cookie=0x0, duration=7.451s, table=0, n_packets=1, n_bytes=46, idle_timeout=10, hard_timeout=30, reset_counts priority=65535,udp,in_port=4,vlan_tci=0x0000/0x1fff,dl_src=86:28:05:a5:3e:f9,dl_dst=ba:96:48:c9:52:b8,nw_src=10.10.0.4,nw_dst=10.20.0.15,nw_tos=0,tp_src=51595,tp_dst=80 actions=output:50
 cookie=0x0, duration=7.348s, table=0, n_packets=1, n_bytes=46, idle_timeout=10, hard_timeout=30, reset_counts priority=65535,udp,in_port=16,vlan_tci=0x0000/0x1fff,dl_src=12:d9:df:65:27:e2,dl_dst=ba:96:48:c9:52:b8,nw_src=10.20.0.16,nw_dst=10.50.0.18,nw_tos=0,tp_src=43661,tp_dst=80 actions=output:50
 cookie=0x0, duration=6.735s, table=0, n_packets=1, n_bytes=46, idle_timeout=10, hard_timeout=30, reset_counts priority=65535,udp,in_port=6,vlan_tci=0x0000/0x1fff,dl_src=02:28:5c:dc:09:3e,dl_dst=ba:96:48:c9:52:b8,nw_src=10.10.0.6,nw_dst=10.60.0.16,nw_tos=0,tp_src=34675,tp_dst=80 actions=output:50
 cookie=0x0, duration=6.734s, table=0, n_packets=1, n_bytes=46, idle_timeout=10, hard_timeout=30, reset_counts priority=65535,udp,in_port=6,vlan_tci=0x0000/0x1fff,dl_src=02:28:5c:dc:09:3e,dl_dst=ba:96:48:c9:52:b8,nw_src=10.10.0.6,nw_dst=10.20.0.31,nw_tos=0,tp_src=50423,tp_dst=80 actions=output:50
 cookie=0x0, duration=6.662s, table=0, n_packets=1, n_bytes=46, idle_timeout=10, hard_timeout=30, reset_counts priority=65535,udp,in_port=41,vlan_tci=0x0000/0x1fff,dl_src=46:aa:e1:52:10:fa,dl_dst=ba:96:48:c9:52:b8,nw_src=10.60.0.41,nw_dst=10.10.0.47,nw_tos=0,tp_src=42682,tp_dst=80 actions=output:50
 cookie=0x0, duration=6.661s, table=0, n_packets=1, n_bytes=46, idle_timeout=10, hard_timeout=30, reset_counts priority=65535,udp,in_port=41,vlan_tci=0x0000/0x1fff,dl_src=46:aa:e1:52:10:fa,dl_dst=56:2d:78:ba:2b:c0,nw_src=10.60.0.41,nw_dst=10.60.0.43,nw_tos=0,tp_src=59108,tp_dst=80 actions=output:43
 cookie=0x0, duration=6.644s, table=0, n_packets=1, n_bytes=46, idle_timeout=10, hard_timeout=30, reset_counts priority=65535,udp,in_port=9,vlan_tci=0x0000/0x1fff,dl_src=0e:9b:1e:e9:4c:ab,dl_dst=ba:96:48:c9:52:b8,nw_src=10.20.0.9,nw_dst=10.60.0.46,nw_tos=0,tp_src=42938,tp_dst=80 actions=output:50
 cookie=0x0, duration=6.641s, table=0, n_packets=1, n_bytes=46, idle_timeout=10, hard_timeout=30, reset_counts priority=65535,udp,in_port=9,vlan_tci=0x0000/0x1fff,dl_src=0e:9b:1e:e9:4c:ab,dl_dst=ba:96:48:c9:52:b8,nw_src=10.20.0.9,nw_dst=10.50.0.30,nw_tos=0,tp_src=33658,tp_dst=80 actions=output:50
 cookie=0x0, duration=6.633s, table=0, n_packets=1, n_bytes=46, idle_timeout=10, hard_timeout=30, reset_counts priority=65535,udp,in_port=34,vlan_tci=0x0000/0x1fff,dl_src=fa:09:ac:bf:ba:8a,dl_dst=ba:96:48:c9:52:b8,nw_src=10.50.0.34,nw_dst=10.60.0.36,nw_tos=0,tp_src=45179,tp_dst=80 actions=output:50
 cookie=0x0, duration=6.601s, table=0, n_packets=1, n_bytes=46, idle_timeout=10, hard_timeout=30, reset_counts priority=65535,udp,in_port=14,vlan_tci=0x0000/0x1fff,dl_src=c2:64:43:ce:4d:3b,dl_dst=ba:96:48:c9:52:b8,nw_src=10.20.0.14,nw_dst=10.50.0.23,nw_tos=0,tp_src=34463,tp_dst=80 actions=output:50
 cookie=0x0, duration=6.544s, table=0, n_packets=1, n_bytes=46, idle_timeout=10, hard_timeout=30, reset_counts priority=65535,udp,in_port=13,vlan_tci=0x0000/0x1fff,dl_src=62:a5:59:b8:8c:5d,dl_dst=ba:96:48:c9:52:b8,nw_src=10.20.0.13,nw_dst=10.50.0.29,nw_tos=0,tp_src=47227,tp_dst=80 actions=output:50
 cookie=0x0, duration=6.529s, table=0, n_packets=1, n_bytes=46, idle_timeout=10, hard_timeout=30, reset_counts priority=65535,udp,in_port=2,vlan_tci=0x0000/0x1fff,dl_src=86:27:34:34:84:e5,dl_dst=ba:96:48:c9:52:b8,nw_src=10.10.0.2,nw_dst=10.50.0.16,nw_tos=0,tp_src=60385,tp_dst=80 actions=output:50
 cookie=0x0, duration=6.515s, table=0, n_packets=1, n_bytes=46, idle_timeout=10, hard_timeout=30, reset_counts priority=65535,udp,in_port=2,vlan_tci=0x0000/0x1fff,dl_src=86:27:34:34:84:e5,dl_dst=ba:96:48:c9:52:b8,nw_src=10.10.0.2,nw_dst=10.20.0.41,nw_tos=0,tp_src=44690,tp_dst=80 actions=output:50
 cookie=0x0, duration=6.506s, table=0, n_packets=1, n_bytes=46, idle_timeout=10, hard_timeout=30, reset_counts priority=65535,udp,in_port=42,vlan_tci=0x0000/0x1fff,dl_src=1e:28:23:23:43:cc,dl_dst=ba:96:48:c9:52:b8,nw_src=10.60.0.42,nw_dst=10.50.0.43,nw_tos=0,tp_src=45342,tp_dst=80 actions=output:50
 cookie=0x0, duration=6.467s, table=0, n_packets=1, n_bytes=46, idle_timeout=10, hard_timeout=30, reset_counts priority=65535,udp,in_port=11,vlan_tci=0x0000/0x1fff,dl_src=ee:cd:1c:c7:f9:53,dl_dst=ba:96:48:c9:52:b8,nw_src=10.20.0.11,nw_dst=10.10.0.16,nw_tos=0,tp_src=38860,tp_dst=80 actions=output:50
 cookie=0x0, duration=6.466s, table=0, n_packets=1, n_bytes=46, idle_timeout=10, hard_timeout=30, reset_counts priority=65535,udp,in_port=11,vlan_tci=0x0000/0x1fff,dl_src=ee:cd:1c:c7:f9:53,dl_dst=ba:96:48:c9:52:b8,nw_src=10.20.0.11,nw_dst=10.60.0.20,nw_tos=0,tp_src=40167,tp_dst=80 actions=output:50
 cookie=0x0, duration=6.465s, table=0, n_packets=1, n_bytes=46, idle_timeout=10, hard_timeout=30, reset_counts priority=65535,udp,in_port=11,vlan_tci=0x0000/0x1fff,dl_src=ee:cd:1c:c7:f9:53,dl_dst=ba:96:48:c9:52:b8,nw_src=10.20.0.11,nw_dst=10.50.0.22,nw_tos=0,tp_src=43640,tp_dst=80 actions=output:50
 cookie=0x0, duration=6.458s, table=0, n_packets=1, n_bytes=46, idle_timeout=10, hard_timeout=30, reset_counts priority=65535,udp,in_port=15,vlan_tci=0x0000/0x1fff,dl_src=9e:5b:d0:da:3c:e6,dl_dst=ba:96:48:c9:52:b8,nw_src=10.20.0.15,nw_dst=10.50.0.42,nw_tos=0,tp_src=58838,tp_dst=80 actions=output:50
 cookie=0x0, duration=6.452s, table=0, n_packets=1, n_bytes=46, idle_timeout=10, hard_timeout=30, reset_counts priority=65535,udp,in_port=3,vlan_tci=0x0000/0x1fff,dl_src=46:b5:b8:3f:37:13,dl_dst=ba:96:48:c9:52:b8,nw_src=10.10.0.3,nw_dst=10.60.0.21,nw_tos=0,tp_src=47795,tp_dst=80 actions=output:50
 cookie=0x0, duration=6.450s, table=0, n_packets=1, n_bytes=46, idle_timeout=10, hard_timeout=30, reset_counts priority=65535,udp,in_port=4,vlan_tci=0x0000/0x1fff,dl_src=86:28:05:a5:3e:f9,dl_dst=ba:96:48:c9:52:b8,nw_src=10.10.0.4,nw_dst=10.50.0.18,nw_tos=0,tp_src=36125,tp_dst=80 actions=output:50
 cookie=0x0, duration=6.443s, table=0, n_packets=1, n_bytes=46, idle_timeout=10, hard_timeout=30, reset_counts priority=65535,udp,in_port=1,vlan_tci=0x0000/0x1fff,dl_src=86:95:aa:4b:3b:3f,dl_dst=ba:96:48:c9:52:b8,nw_src=10.10.0.1,nw_dst=10.50.0.46,nw_tos=0,tp_src=53031,tp_dst=80 actions=output:50
 cookie=0x0, duration=6.384s, table=0, n_packets=1, n_bytes=46, idle_timeout=10, hard_timeout=30, reset_counts priority=65535,udp,in_port=16,vlan_tci=0x0000/0x1fff,dl_src=12:d9:df:65:27:e2,dl_dst=ba:96:48:c9:52:b8,nw_src=10.20.0.16,nw_dst=10.50.0.25,nw_tos=0,tp_src=50049,tp_dst=80 actions=output:50
 cookie=0x0, duration=5.759s, table=0, n_packets=1, n_bytes=46, idle_timeout=10, hard_timeout=30, reset_counts priority=65535,udp,in_port=7,vlan_tci=0x0000/0x1fff,dl_src=02:6c:c4:38:66:a8,dl_dst=ba:96:48:c9:52:b8,nw_src=10.10.0.7,nw_dst=10.60.0.20,nw_tos=0,tp_src=50171,tp_dst=80 actions=output:50
 cookie=0x0, duration=5.748s, table=0, n_packets=1, n_bytes=46, idle_timeout=10, hard_timeout=30, reset_counts priority=65535,udp,in_port=7,vlan_tci=0x0000/0x1fff,dl_src=02:6c:c4:38:66:a8,dl_dst=ba:96:48:c9:52:b8,nw_src=10.10.0.7,nw_dst=10.60.0.30,nw_tos=0,tp_src=46291,tp_dst=80 actions=output:50
 cookie=0x0, duration=5.736s, table=0, n_packets=1, n_bytes=46, idle_timeout=10, hard_timeout=30, reset_counts priority=65535,udp,in_port=6,vlan_tci=0x0000/0x1fff,dl_src=02:28:5c:dc:09:3e,dl_dst=ba:96:48:c9:52:b8,nw_src=10.10.0.6,nw_dst=10.50.0.7,nw_tos=0,tp_src=33481,tp_dst=80 actions=output:50
 cookie=0x0, duration=5.736s, table=0, n_packets=1, n_bytes=46, idle_timeout=10, hard_timeout=30, reset_counts priority=65535,udp,in_port=6,vlan_tci=0x0000/0x1fff,dl_src=02:28:5c:dc:09:3e,dl_dst=ba:96:48:c9:52:b8,nw_src=10.10.0.6,nw_dst=10.60.0.9,nw_tos=0,tp_src=60464,tp_dst=80 actions=output:50
 cookie=0x0, duration=5.734s, table=0, n_packets=1, n_bytes=46, idle_timeout=10, hard_timeout=30, reset_counts priority=65535,udp,in_port=6,vlan_tci=0x0000/0x1fff,dl_src=02:28:5c:dc:09:3e,dl_dst=ba:96:48:c9:52:b8,nw_src=10.10.0.6,nw_dst=10.20.0.25,nw_tos=0,tp_src=59369,tp_dst=80 actions=output:50
 cookie=0x0, duration=5.638s, table=0, n_packets=1, n_bytes=46, idle_timeout=10, hard_timeout=30, reset_counts priority=65535,udp,in_port=9,vlan_tci=0x0000/0x1fff,dl_src=0e:9b:1e:e9:4c:ab,dl_dst=ba:96:48:c9:52:b8,nw_src=10.20.0.9,nw_dst=10.60.0.21,nw_tos=0,tp_src=54763,tp_dst=80 actions=output:50
 cookie=0x0, duration=5.637s, table=0, n_packets=1, n_bytes=46, idle_timeout=10, hard_timeout=30, reset_counts priority=65535,udp,in_port=9,vlan_tci=0x0000/0x1fff,dl_src=0e:9b:1e:e9:4c:ab,dl_dst=ba:96:48:c9:52:b8,nw_src=10.20.0.9,nw_dst=10.50.0.38,nw_tos=0,tp_src=33199,tp_dst=80 actions=output:50
 cookie=0x0, duration=5.631s, table=0, n_packets=1, n_bytes=46, idle_timeout=10, hard_timeout=30, reset_counts priority=65535,udp,in_port=34,vlan_tci=0x0000/0x1fff,dl_src=fa:09:ac:bf:ba:8a,dl_dst=ba:96:48:c9:52:b8,nw_src=10.50.0.34,nw_dst=10.60.0.39,nw_tos=0,tp_src=59296,tp_dst=80 actions=output:50
 cookie=0x0, duration=5.563s, table=0, n_packets=1, n_bytes=46, idle_timeout=10, hard_timeout=30, reset_counts priority=65535,udp,in_port=12,vlan_tci=0x0000/0x1fff,dl_src=fa:0d:7b:a8:05:89,dl_dst=ba:96:48:c9:52:b8,nw_src=10.20.0.12,nw_dst=10.10.0.33,nw_tos=0,tp_src=50415,tp_dst=80 actions=output:50
 cookie=0x0, duration=5.560s, table=0, n_packets=1, n_bytes=46, idle_timeout=10, hard_timeout=30, reset_counts priority=65535,udp,in_port=12,vlan_tci=0x0000/0x1fff,dl_src=fa:0d:7b:a8:05:89,dl_dst=ba:96:48:c9:52:b8,nw_src=10.20.0.12,nw_dst=10.10.0.38,nw_tos=0,tp_src=43335,tp_dst=80 actions=output:50
 cookie=0x0, duration=5.540s, table=0, n_packets=1, n_bytes=46, idle_timeout=10, hard_timeout=30, reset_counts priority=65535,udp,in_port=5,vlan_tci=0x0000/0x1fff,dl_src=76:2b:05:80:ee:98,dl_dst=ba:96:48:c9:52:b8,nw_src=10.10.0.5,nw_dst=10.60.0.29,nw_tos=0,tp_src=52692,tp_dst=80 actions=output:50
 cookie=0x0, duration=5.539s, table=0, n_packets=1, n_bytes=46, idle_timeout=10, hard_timeout=30, reset_counts priority=65535,udp,in_port=37,vlan_tci=0x0000/0x1fff,dl_src=a2:43:7d:d2:a2:f9,dl_dst=ba:96:48:c9:52:b8,nw_src=10.50.0.37,nw_dst=10.10.0.46,nw_tos=0,tp_src=39589,tp_dst=80 actions=output:50
 cookie=0x0, duration=5.465s, table=0, n_packets=1, n_bytes=46, idle_timeout=10, hard_timeout=30, reset_counts priority=65535,udp,in_port=10,vlan_tci=0x0000/0x1fff,dl_src=ee:28:20:d0:a5:e9,dl_dst=ba:96:48:c9:52:b8,nw_src=10.20.0.10,nw_dst=10.50.0.15,nw_tos=0,tp_src=41181,tp_dst=80 actions=output:50
 cookie=0x0, duration=5.451s, table=0, n_packets=1, n_bytes=46, idle_timeout=10, hard_timeout=30, reset_counts priority=65535,udp,in_port=8,vlan_tci=0x0000/0x1fff,dl_src=92:4f:e6:31:1b:10,dl_dst=ba:96:48:c9:52:b8,nw_src=10.10.0.8,nw_dst=10.20.0.23,nw_tos=0,tp_src=36299,tp_dst=80 actions=output:50
 cookie=0x0, duration=5.450s, table=0, n_packets=1, n_bytes=46, idle_timeout=10, hard_timeout=30, reset_counts priority=65535,udp,in_port=3,vlan_tci=0x0000/0x1fff,dl_src=46:b5:b8:3f:37:13,dl_dst=ba:96:48:c9:52:b8,nw_src=10.10.0.3,nw_dst=10.60.0.25,nw_tos=0,tp_src=43790,tp_dst=80 actions=output:50
 cookie=0x0, duration=5.448s, table=0, n_packets=1, n_bytes=46, idle_timeout=10, hard_timeout=30, reset_counts priority=65535,udp,in_port=15,vlan_tci=0x0000/0x1fff,dl_src=9e:5b:d0:da:3c:e6,dl_dst=ba:96:48:c9:52:b8,nw_src=10.20.0.15,nw_dst=10.50.0.25,nw_tos=0,tp_src=40469,tp_dst=80 actions=output:50
 cookie=0x0, duration=5.447s, table=0, n_packets=1, n_bytes=46, idle_timeout=10, hard_timeout=30, reset_counts priority=65535,udp,in_port=8,vlan_tci=0x0000/0x1fff,dl_src=92:4f:e6:31:1b:10,dl_dst=ba:96:48:c9:52:b8,nw_src=10.10.0.8,nw_dst=10.60.0.36,nw_tos=0,tp_src=41738,tp_dst=80 actions=output:50
 cookie=0x0, duration=5.446s, table=0, n_packets=1, n_bytes=46, idle_timeout=10, hard_timeout=30, reset_counts priority=65535,udp,in_port=8,vlan_tci=0x0000/0x1fff,dl_src=92:4f:e6:31:1b:10,dl_dst=ba:96:48:c9:52:b8,nw_src=10.10.0.8,nw_dst=10.50.0.39,nw_tos=0,tp_src=44090,tp_dst=80 actions=output:50
 cookie=0x0, duration=5.445s, table=0, n_packets=1, n_bytes=46, idle_timeout=10, hard_timeout=30, reset_counts priority=65535,udp,in_port=4,vlan_tci=0x0000/0x1fff,dl_src=86:28:05:a5:3e:f9,dl_dst=ba:96:48:c9:52:b8,nw_src=10.10.0.4,nw_dst=10.50.0.34,nw_tos=0,tp_src=40241,tp_dst=80 actions=output:50
 cookie=0x0, duration=5.443s, table=0, n_packets=1, n_bytes=46, idle_timeout=10, hard_timeout=30, reset_counts priority=65535,udp,in_port=1,vlan_tci=0x0000/0x1fff,dl_src=86:95:aa:4b:3b:3f,dl_dst=86:28:05:a5:3e:f9,nw_src=10.10.0.1,nw_dst=10.10.0.4,nw_tos=0,tp_src=45207,tp_dst=80 actions=output:4
 cookie=0x0, duration=5.442s, table=0, n_packets=1, n_bytes=46, idle_timeout=10, hard_timeout=30, reset_counts priority=65535,udp,in_port=4,vlan_tci=0x0000/0x1fff,dl_src=86:28:05:a5:3e:f9,dl_dst=ba:96:48:c9:52:b8,nw_src=10.10.0.4,nw_dst=10.50.0.47,nw_tos=0,tp_src=39883,tp_dst=80 actions=output:50
 cookie=0x0, duration=5.386s, table=0, n_packets=1, n_bytes=46, idle_timeout=10, hard_timeout=30, reset_counts priority=65535,udp,in_port=16,vlan_tci=0x0000/0x1fff,dl_src=12:d9:df:65:27:e2,dl_dst=ba:96:48:c9:52:b8,nw_src=10.20.0.16,nw_dst=10.50.0.30,nw_tos=0,tp_src=35066,tp_dst=80 actions=output:50
 cookie=0x0, duration=5.385s, table=0, n_packets=1, n_bytes=46, idle_timeout=10, hard_timeout=30, reset_counts priority=65535,udp,in_port=16,vlan_tci=0x0000/0x1fff,dl_src=12:d9:df:65:27:e2,dl_dst=ba:96:48:c9:52:b8,nw_src=10.20.0.16,nw_dst=10.50.0.20,nw_tos=0,tp_src=43670,tp_dst=80 actions=output:50
 cookie=0x0, duration=4.779s, table=0, n_packets=1, n_bytes=46, idle_timeout=10, hard_timeout=30, reset_counts priority=65535,udp,in_port=38,vlan_tci=0x0000/0x1fff,dl_src=9e:54:ce:fa:8a:7e,dl_dst=ba:96:48:c9:52:b8,nw_src=10.50.0.38,nw_dst=10.60.0.41,nw_tos=0,tp_src=38553,tp_dst=80 actions=output:50
 cookie=0x0, duration=4.735s, table=0, n_packets=1, n_bytes=46, idle_timeout=10, hard_timeout=30, reset_counts priority=65535,udp,in_port=6,vlan_tci=0x0000/0x1fff,dl_src=02:28:5c:dc:09:3e,dl_dst=ba:96:48:c9:52:b8,nw_src=10.10.0.6,nw_dst=10.50.0.10,nw_tos=0,tp_src=43021,tp_dst=80 actions=output:50
 cookie=0x0, duration=4.661s, table=0, n_packets=1, n_bytes=46, idle_timeout=10, hard_timeout=30, reset_counts priority=65535,udp,in_port=33,vlan_tci=0x0000/0x1fff,dl_src=52:18:a9:77:41:07,dl_dst=ba:96:48:c9:52:b8,nw_src=10.50.0.33,nw_dst=10.60.0.39,nw_tos=0,tp_src=46327,tp_dst=80 actions=output:50
 cookie=0x0, duration=4.659s, table=0, n_packets=1, n_bytes=46, idle_timeout=10, hard_timeout=30, reset_counts priority=65535,udp,in_port=41,vlan_tci=0x0000/0x1fff,dl_src=46:aa:e1:52:10:fa,dl_dst=ba:96:48:c9:52:b8,nw_src=10.60.0.41,nw_dst=10.50.0.44,nw_tos=0,tp_src=56261,tp_dst=80 actions=output:50
 cookie=0x0, duration=4.642s, table=0, n_packets=1, n_bytes=46, idle_timeout=10, hard_timeout=30, reset_counts priority=65535,udp,in_port=9,vlan_tci=0x0000/0x1fff,dl_src=0e:9b:1e:e9:4c:ab,dl_dst=ba:96:48:c9:52:b8,nw_src=10.20.0.9,nw_dst=10.10.0.42,nw_tos=0,tp_src=58095,tp_dst=80 actions=output:50
 cookie=0x0, duration=4.622s, table=0, n_packets=1, n_bytes=46, idle_timeout=10, hard_timeout=30, reset_counts priority=65535,udp,in_port=34,vlan_tci=0x0000/0x1fff,dl_src=fa:09:ac:bf:ba:8a,dl_dst=ba:96:48:c9:52:b8,nw_src=10.50.0.34,nw_dst=10.60.0.35,nw_tos=0,tp_src=36993,tp_dst=80 actions=output:50
 cookie=0x0, duration=4.570s, table=0, n_packets=1, n_bytes=46, idle_timeout=10, hard_timeout=30, reset_counts priority=65535,udp,in_port=40,vlan_tci=0x0000/0x1fff,dl_src=ba:73:6e:f7:c9:21,dl_dst=ba:96:48:c9:52:b8,nw_src=10.50.0.40,nw_dst=10.60.0.42,nw_tos=0,tp_src=49731,tp_dst=80 actions=output:50
 cookie=0x0, duration=4.554s, table=0, n_packets=1, n_bytes=46, idle_timeout=10, hard_timeout=30, reset_counts priority=65535,udp,in_port=12,vlan_tci=0x0000/0x1fff,dl_src=fa:0d:7b:a8:05:89,dl_dst=ba:96:48:c9:52:b8,nw_src=10.20.0.12,nw_dst=10.10.0.46,nw_tos=0,tp_src=49270,tp_dst=80 actions=output:50
 cookie=0x0, duration=4.548s, table=0, n_packets=1, n_bytes=46, idle_timeout=10, hard_timeout=30, reset_counts priority=65535,udp,in_port=13,vlan_tci=0x0000/0x1fff,dl_src=62:a5:59:b8:8c:5d,dl_dst=ba:96:48:c9:52:b8,nw_src=10.20.0.13,nw_dst=10.10.0.23,nw_tos=0,tp_src=41449,tp_dst=80 actions=output:50
 cookie=0x0, duration=4.466s, table=0, n_packets=1, n_bytes=46, idle_timeout=10, hard_timeout=30, reset_counts priority=65535,udp,in_port=39,vlan_tci=0x0000/0x1fff,dl_src=1a:64:c3:40:ee:34,dl_dst=ba:73:6e:f7:c9:21,nw_src=10.50.0.39,nw_dst=10.50.0.40,nw_tos=0,tp_src=35681,tp_dst=80 actions=output:40
 cookie=0x0, duration=4.465s, table=0, n_packets=1, n_bytes=46, idle_timeout=10, hard_timeout=30, reset_counts priority=65535,udp,in_port=3,vlan_tci=0x0000/0x1fff,dl_src=46:b5:b8:3f:37:13,dl_dst=ba:96:48:c9:52:b8,nw_src=10.10.0.3,nw_dst=10.60.0.11,nw_tos=0,tp_src=43200,tp_dst=80 actions=output:50
 cookie=0x0, duration=4.461s, table=0, n_packets=1, n_bytes=46, idle_timeout=10, hard_timeout=30, reset_counts priority=65535,udp,in_port=11,vlan_tci=0x0000/0x1fff,dl_src=ee:cd:1c:c7:f9:53,dl_dst=ba:96:48:c9:52:b8,nw_src=10.20.0.11,nw_dst=10.50.0.32,nw_tos=0,tp_src=56324,tp_dst=80 actions=output:50
 cookie=0x0, duration=4.459s, table=0, n_packets=1, n_bytes=46, idle_timeout=10, hard_timeout=30, reset_counts priority=65535,udp,in_port=10,vlan_tci=0x0000/0x1fff,dl_src=ee:28:20:d0:a5:e9,dl_dst=ba:96:48:c9:52:b8,nw_src=10.20.0.10,nw_dst=10.10.0.22,nw_tos=0,tp_src=57098,tp_dst=80 actions=output:50
 cookie=0x0, duration=4.459s, table=0, n_packets=1, n_bytes=46, idle_timeout=10, hard_timeout=30, reset_counts priority=65535,udp,in_port=10,vlan_tci=0x0000/0x1fff,dl_src=ee:28:20:d0:a5:e9,dl_dst=ba:96:48:c9:52:b8,nw_src=10.20.0.10,nw_dst=10.10.0.25,nw_tos=0,tp_src=55283,tp_dst=80 actions=output:50
 cookie=0x0, duration=4.455s, table=0, n_packets=1, n_bytes=46, idle_timeout=10, hard_timeout=30, reset_counts priority=65535,udp,in_port=15,vlan_tci=0x0000/0x1fff,dl_src=9e:5b:d0:da:3c:e6,dl_dst=ba:96:48:c9:52:b8,nw_src=10.20.0.15,nw_dst=10.50.0.16,nw_tos=0,tp_src=42968,tp_dst=80 actions=output:50
 cookie=0x0, duration=4.451s, table=0, n_packets=1, n_bytes=46, idle_timeout=10, hard_timeout=30, reset_counts priority=65535,udp,in_port=3,vlan_tci=0x0000/0x1fff,dl_src=46:b5:b8:3f:37:13,dl_dst=02:6c:c4:38:66:a8,nw_src=10.10.0.3,nw_dst=10.10.0.7,nw_tos=0,tp_src=34366,tp_dst=80 actions=output:7
 cookie=0x0, duration=4.443s, table=0, n_packets=1, n_bytes=46, idle_timeout=10, hard_timeout=30, reset_counts priority=65535,udp,in_port=8,vlan_tci=0x0000/0x1fff,dl_src=92:4f:e6:31:1b:10,dl_dst=ba:96:48:c9:52:b8,nw_src=10.10.0.8,nw_dst=10.50.0.31,nw_tos=0,tp_src=50614,tp_dst=80 actions=output:50
 cookie=0x0, duration=4.442s, table=0, n_packets=1, n_bytes=46, idle_timeout=10, hard_timeout=30, reset_counts priority=65535,udp,in_port=15,vlan_tci=0x0000/0x1fff,dl_src=9e:5b:d0:da:3c:e6,dl_dst=ba:96:48:c9:52:b8,nw_src=10.20.0.15,nw_dst=10.60.0.33,nw_tos=0,tp_src=57030,tp_dst=80 actions=output:50
 cookie=0x0, duration=4.382s, table=0, n_packets=1, n_bytes=46, idle_timeout=10, hard_timeout=30, reset_counts priority=65535,udp,in_port=16,vlan_tci=0x0000/0x1fff,dl_src=12:d9:df:65:27:e2,dl_dst=ba:96:48:c9:52:b8,nw_src=10.20.0.16,nw_dst=10.10.0.34,nw_tos=0,tp_src=53380,tp_dst=80 actions=output:50
 cookie=0x0, duration=3.795s, table=0, n_packets=1, n_bytes=46, idle_timeout=10, hard_timeout=30, reset_counts priority=65535,udp,in_port=43,vlan_tci=0x0000/0x1fff,dl_src=56:2d:78:ba:2b:c0,dl_dst=b2:42:b0:48:82:61,nw_src=10.60.0.43,nw_dst=10.60.0.47,nw_tos=0,tp_src=56660,tp_dst=80 actions=output:47
 cookie=0x0, duration=3.646s, table=0, n_packets=1, n_bytes=46, idle_timeout=10, hard_timeout=30, reset_counts priority=65535,udp,in_port=33,vlan_tci=0x0000/0x1fff,dl_src=52:18:a9:77:41:07,dl_dst=ba:96:48:c9:52:b8,nw_src=10.50.0.33,nw_dst=10.10.0.46,nw_tos=0,tp_src=37277,tp_dst=80 actions=output:50
 cookie=0x0, duration=3.645s, table=0, n_packets=1, n_bytes=46, idle_timeout=10, hard_timeout=30, reset_counts priority=65535,udp,in_port=9,vlan_tci=0x0000/0x1fff,dl_src=0e:9b:1e:e9:4c:ab,dl_dst=ba:96:48:c9:52:b8,nw_src=10.20.0.9,nw_dst=10.50.0.18,nw_tos=0,tp_src=50942,tp_dst=80 actions=output:50
 cookie=0x0, duration=3.607s, table=0, n_packets=1, n_bytes=46, idle_timeout=10, hard_timeout=30, reset_counts priority=65535,udp,in_port=36,vlan_tci=0x0000/0x1fff,dl_src=6a:66:55:5e:ee:43,dl_dst=ba:73:6e:f7:c9:21,nw_src=10.50.0.36,nw_dst=10.50.0.40,nw_tos=0,tp_src=53011,tp_dst=80 actions=output:40
 cookie=0x0, duration=3.606s, table=0, n_packets=1, n_bytes=46, idle_timeout=10, hard_timeout=30, reset_counts priority=65535,udp,in_port=14,vlan_tci=0x0000/0x1fff,dl_src=c2:64:43:ce:4d:3b,dl_dst=ba:96:48:c9:52:b8,nw_src=10.20.0.14,nw_dst=10.60.0.17,nw_tos=0,tp_src=41994,tp_dst=80 actions=output:50
 cookie=0x0, duration=3.595s, table=0, n_packets=1, n_bytes=46, idle_timeout=10, hard_timeout=30, reset_counts priority=65535,udp,in_port=14,vlan_tci=0x0000/0x1fff,dl_src=c2:64:43:ce:4d:3b,dl_dst=ba:96:48:c9:52:b8,nw_src=10.20.0.14,nw_dst=10.10.0.41,nw_tos=0,tp_src=52720,tp_dst=80 actions=output:50
 cookie=0x0, duration=3.559s, table=0, n_packets=1, n_bytes=46, idle_timeout=10, hard_timeout=30, reset_counts priority=65535,udp,in_port=5,vlan_tci=0x0000/0x1fff,dl_src=76:2b:05:80:ee:98,dl_dst=02:28:5c:dc:09:3e,nw_src=10.10.0.5,nw_dst=10.10.0.6,nw_tos=0,tp_src=57784,tp_dst=80 actions=output:6
 cookie=0x0, duration=3.528s, table=0, n_packets=1, n_bytes=46, idle_timeout=10, hard_timeout=30, reset_counts priority=65535,udp,in_port=2,vlan_tci=0x0000/0x1fff,dl_src=86:27:34:34:84:e5,dl_dst=ba:96:48:c9:52:b8,nw_src=10.10.0.2,nw_dst=10.20.0.10,nw_tos=0,tp_src=45431,tp_dst=80 actions=output:50
 cookie=0x0, duration=3.523s, table=0, n_packets=1, n_bytes=46, idle_timeout=10, hard_timeout=30, reset_counts priority=65535,udp,in_port=2,vlan_tci=0x0000/0x1fff,dl_src=86:27:34:34:84:e5,dl_dst=ba:96:48:c9:52:b8,nw_src=10.10.0.2,nw_dst=10.60.0.21,nw_tos=0,tp_src=46621,tp_dst=80 actions=output:50
 cookie=0x0, duration=3.490s, table=0, n_packets=1, n_bytes=46, idle_timeout=10, hard_timeout=30, reset_counts priority=65535,udp,in_port=2,vlan_tci=0x0000/0x1fff,dl_src=86:27:34:34:84:e5,dl_dst=ba:96:48:c9:52:b8,nw_src=10.10.0.2,nw_dst=10.50.0.42,nw_tos=0,tp_src=34683,tp_dst=80 actions=output:50
 cookie=0x0, duration=3.468s, table=0, n_packets=1, n_bytes=46, idle_timeout=10, hard_timeout=30, reset_counts priority=65535,udp,in_port=11,vlan_tci=0x0000/0x1fff,dl_src=ee:cd:1c:c7:f9:53,dl_dst=ba:96:48:c9:52:b8,nw_src=10.20.0.11,nw_dst=10.60.0.36,nw_tos=0,tp_src=58531,tp_dst=80 actions=output:50
 cookie=0x0, duration=3.468s, table=0, n_packets=1, n_bytes=46, idle_timeout=10, hard_timeout=30, reset_counts priority=65535,udp,in_port=10,vlan_tci=0x0000/0x1fff,dl_src=ee:28:20:d0:a5:e9,dl_dst=ba:96:48:c9:52:b8,nw_src=10.20.0.10,nw_dst=10.10.0.41,nw_tos=0,tp_src=39132,tp_dst=80 actions=output:50
 cookie=0x0, duration=3.461s, table=0, n_packets=1, n_bytes=46, idle_timeout=10, hard_timeout=30, reset_counts priority=65535,udp,in_port=11,vlan_tci=0x0000/0x1fff,dl_src=ee:cd:1c:c7:f9:53,dl_dst=ba:96:48:c9:52:b8,nw_src=10.20.0.11,nw_dst=10.50.0.40,nw_tos=0,tp_src=60214,tp_dst=80 actions=output:50
 cookie=0x0, duration=3.461s, table=0, n_packets=1, n_bytes=46, idle_timeout=10, hard_timeout=30, reset_counts priority=65535,udp,in_port=11,vlan_tci=0x0000/0x1fff,dl_src=ee:cd:1c:c7:f9:53,dl_dst=ba:96:48:c9:52:b8,nw_src=10.20.0.11,nw_dst=10.60.0.38,nw_tos=0,tp_src=42159,tp_dst=80 actions=output:50
 cookie=0x0, duration=3.425s, table=0, n_packets=1, n_bytes=46, idle_timeout=10, hard_timeout=30, reset_counts priority=65535,udp,in_port=4,vlan_tci=0x0000/0x1fff,dl_src=86:28:05:a5:3e:f9,dl_dst=ba:96:48:c9:52:b8,nw_src=10.10.0.4,nw_dst=10.50.0.19,nw_tos=0,tp_src=36824,tp_dst=80 actions=output:50
 cookie=0x0, duration=3.381s, table=0, n_packets=1, n_bytes=46, idle_timeout=10, hard_timeout=30, reset_counts priority=65535,udp,in_port=16,vlan_tci=0x0000/0x1fff,dl_src=12:d9:df:65:27:e2,dl_dst=ba:96:48:c9:52:b8,nw_src=10.20.0.16,nw_dst=10.10.0.29,nw_tos=0,tp_src=51115,tp_dst=80 actions=output:50
 cookie=0x0, duration=2.845s, table=0, n_packets=1, n_bytes=46, idle_timeout=10, hard_timeout=30, reset_counts priority=65535,udp,in_port=46,vlan_tci=0x0000/0x1fff,dl_src=16:78:a7:31:21:63,dl_dst=ba:96:48:c9:52:b8,nw_src=10.60.0.46,nw_dst=10.10.0.48,nw_tos=0,tp_src=52938,tp_dst=80 actions=output:50
 cookie=0x0, duration=2.769s, table=0, n_packets=1, n_bytes=46, idle_timeout=10, hard_timeout=30, reset_counts priority=65535,udp,in_port=38,vlan_tci=0x0000/0x1fff,dl_src=9e:54:ce:fa:8a:7e,dl_dst=ba:96:48:c9:52:b8,nw_src=10.50.0.38,nw_dst=10.20.0.39,nw_tos=0,tp_src=59969,tp_dst=80 actions=output:50
 cookie=0x0, duration=2.766s, table=0, n_packets=1, n_bytes=46, idle_timeout=10, hard_timeout=30, reset_counts priority=65535,udp,in_port=45,vlan_tci=0x0000/0x1fff,dl_src=5e:4a:dc:cc:a9:38,dl_dst=ba:96:48:c9:52:b8,nw_src=10.60.0.45,nw_dst=10.20.0.48,nw_tos=0,tp_src=38223,tp_dst=80 actions=output:50
 cookie=0x0, duration=2.750s, table=0, n_packets=1, n_bytes=46, idle_timeout=10, hard_timeout=30, reset_counts priority=65535,udp,in_port=7,vlan_tci=0x0000/0x1fff,dl_src=02:6c:c4:38:66:a8,dl_dst=ba:96:48:c9:52:b8,nw_src=10.10.0.7,nw_dst=10.20.0.9,nw_tos=0,tp_src=51092,tp_dst=80 actions=output:50
 cookie=0x0, duration=2.749s, table=0, n_packets=1, n_bytes=46, idle_timeout=10, hard_timeout=30, reset_counts priority=65535,udp,in_port=7,vlan_tci=0x0000/0x1fff,dl_src=02:6c:c4:38:66:a8,dl_dst=ba:96:48:c9:52:b8,nw_src=10.10.0.7,nw_dst=10.50.0.13,nw_tos=0,tp_src=46820,tp_dst=80 actions=output:50
 cookie=0x0, duration=2.746s, table=0, n_packets=1, n_bytes=46, idle_timeout=10, hard_timeout=30, reset_counts priority=65535,udp,in_port=7,vlan_tci=0x0000/0x1fff,dl_src=02:6c:c4:38:66:a8,dl_dst=ba:96:48:c9:52:b8,nw_src=10.10.0.7,nw_dst=10.60.0.27,nw_tos=0,tp_src=33912,tp_dst=80 actions=output:50
 cookie=0x0, duration=2.656s, table=0, n_packets=1, n_bytes=46, idle_timeout=10, hard_timeout=30, reset_counts priority=65535,udp,in_port=41,vlan_tci=0x0000/0x1fff,dl_src=46:aa:e1:52:10:fa,dl_dst=6e:c9:40:26:b9:60,nw_src=10.60.0.41,nw_dst=10.60.0.48,nw_tos=0,tp_src=36137,tp_dst=80 actions=output:48
 cookie=0x0, duration=2.627s, table=0, n_packets=1, n_bytes=46, idle_timeout=10, hard_timeout=30, reset_counts priority=65535,udp,in_port=34,vlan_tci=0x0000/0x1fff,dl_src=fa:09:ac:bf:ba:8a,dl_dst=ba:96:48:c9:52:b8,nw_src=10.50.0.34,nw_dst=10.60.0.46,nw_tos=0,tp_src=34870,tp_dst=80 actions=output:50
 cookie=0x0, duration=2.553s, table=0, n_packets=1, n_bytes=46, idle_timeout=10, hard_timeout=30, reset_counts priority=65535,udp,in_port=12,vlan_tci=0x0000/0x1fff,dl_src=fa:0d:7b:a8:05:89,dl_dst=ba:96:48:c9:52:b8,nw_src=10.20.0.12,nw_dst=10.50.0.26,nw_tos=0,tp_src=46238,tp_dst=80 actions=output:50
 cookie=0x0, duration=2.552s, table=0, n_packets=1, n_bytes=46, idle_timeout=10, hard_timeout=30, reset_counts priority=65535,udp,in_port=13,vlan_tci=0x0000/0x1fff,dl_src=62:a5:59:b8:8c:5d,dl_dst=ba:96:48:c9:52:b8,nw_src=10.20.0.13,nw_dst=10.50.0.17,nw_tos=0,tp_src=60503,tp_dst=80 actions=output:50
 cookie=0x0, duration=2.530s, table=0, n_packets=1, n_bytes=46, idle_timeout=10, hard_timeout=30, reset_counts priority=65535,udp,in_port=5,vlan_tci=0x0000/0x1fff,dl_src=76:2b:05:80:ee:98,dl_dst=ba:96:48:c9:52:b8,nw_src=10.10.0.5,nw_dst=10.60.0.35,nw_tos=0,tp_src=34794,tp_dst=80 actions=output:50
 cookie=0x0, duration=2.519s, table=0, n_packets=1, n_bytes=46, idle_timeout=10, hard_timeout=30, reset_counts priority=65535,udp,in_port=13,vlan_tci=0x0000/0x1fff,dl_src=62:a5:59:b8:8c:5d,dl_dst=ba:96:48:c9:52:b8,nw_src=10.20.0.13,nw_dst=10.10.0.47,nw_tos=0,tp_src=59730,tp_dst=80 actions=output:50
 cookie=0x0, duration=2.512s, table=0, n_packets=1, n_bytes=46, idle_timeout=10, hard_timeout=30, reset_counts priority=65535,udp,in_port=2,vlan_tci=0x0000/0x1fff,dl_src=86:27:34:34:84:e5,dl_dst=ba:96:48:c9:52:b8,nw_src=10.10.0.2,nw_dst=10.50.0.30,nw_tos=0,tp_src=39100,tp_dst=80 actions=output:50
 cookie=0x0, duration=2.508s, table=0, n_packets=1, n_bytes=46, idle_timeout=10, hard_timeout=30, reset_counts priority=65535,udp,in_port=2,vlan_tci=0x0000/0x1fff,dl_src=86:27:34:34:84:e5,dl_dst=ba:96:48:c9:52:b8,nw_src=10.10.0.2,nw_dst=10.60.0.47,nw_tos=0,tp_src=42995,tp_dst=80 actions=output:50
 cookie=0x0, duration=2.466s, table=0, n_packets=1, n_bytes=46, idle_timeout=10, hard_timeout=30, reset_counts priority=65535,udp,in_port=11,vlan_tci=0x0000/0x1fff,dl_src=ee:cd:1c:c7:f9:53,dl_dst=ba:96:48:c9:52:b8,nw_src=10.20.0.11,nw_dst=10.10.0.33,nw_tos=0,tp_src=40879,tp_dst=80 actions=output:50
 cookie=0x0, duration=2.465s, table=0, n_packets=1, n_bytes=46, idle_timeout=10, hard_timeout=30, reset_counts priority=65535,udp,in_port=10,vlan_tci=0x0000/0x1fff,dl_src=ee:28:20:d0:a5:e9,dl_dst=ba:96:48:c9:52:b8,nw_src=10.20.0.10,nw_dst=10.10.0.33,nw_tos=0,tp_src=35792,tp_dst=80 actions=output:50
 cookie=0x0, duration=2.464s, table=0, n_packets=1, n_bytes=46, idle_timeout=10, hard_timeout=30, reset_counts priority=65535,udp,in_port=10,vlan_tci=0x0000/0x1fff,dl_src=ee:28:20:d0:a5:e9,dl_dst=ba:96:48:c9:52:b8,nw_src=10.20.0.10,nw_dst=10.60.0.19,nw_tos=0,tp_src=42240,tp_dst=80 actions=output:50
 cookie=0x0, duration=2.443s, table=0, n_packets=1, n_bytes=46, idle_timeout=10, hard_timeout=30, reset_counts priority=65535,udp,in_port=11,vlan_tci=0x0000/0x1fff,dl_src=ee:cd:1c:c7:f9:53,dl_dst=ba:96:48:c9:52:b8,nw_src=10.20.0.11,nw_dst=10.10.0.47,nw_tos=0,tp_src=50061,tp_dst=80 actions=output:50
 cookie=0x0, duration=2.443s, table=0, n_packets=1, n_bytes=46, idle_timeout=10, hard_timeout=30, reset_counts priority=65535,udp,in_port=3,vlan_tci=0x0000/0x1fff,dl_src=46:b5:b8:3f:37:13,dl_dst=ba:96:48:c9:52:b8,nw_src=10.10.0.3,nw_dst=10.20.0.3,nw_tos=0,tp_src=50923,tp_dst=80 actions=output:50
 cookie=0x0, duration=2.443s, table=0, n_packets=1, n_bytes=46, idle_timeout=10, hard_timeout=30, reset_counts priority=65535,udp,in_port=11,vlan_tci=0x0000/0x1fff,dl_src=ee:cd:1c:c7:f9:53,dl_dst=ba:96:48:c9:52:b8,nw_src=10.20.0.11,nw_dst=10.60.0.11,nw_tos=0,tp_src=55483,tp_dst=80 actions=output:50
 cookie=0x0, duration=2.393s, table=0, n_packets=1, n_bytes=46, idle_timeout=10, hard_timeout=30, reset_counts priority=65535,udp,in_port=16,vlan_tci=0x0000/0x1fff,dl_src=12:d9:df:65:27:e2,dl_dst=ba:96:48:c9:52:b8,nw_src=10.20.0.16,nw_dst=10.50.0.16,nw_tos=0,tp_src=49862,tp_dst=80 actions=output:50
 cookie=0x0, duration=2.392s, table=0, n_packets=1, n_bytes=46, idle_timeout=10, hard_timeout=30, reset_counts priority=65535,udp,in_port=16,vlan_tci=0x0000/0x1fff,dl_src=12:d9:df:65:27:e2,dl_dst=ba:96:48:c9:52:b8,nw_src=10.20.0.16,nw_dst=10.10.0.22,nw_tos=0,tp_src=57938,tp_dst=80 actions=output:50
 cookie=0x0, duration=2.378s, table=0, n_packets=1, n_bytes=46, idle_timeout=10, hard_timeout=30, reset_counts priority=65535,udp,in_port=16,vlan_tci=0x0000/0x1fff,dl_src=12:d9:df:65:27:e2,dl_dst=ba:96:48:c9:52:b8,nw_src=10.20.0.16,nw_dst=10.10.0.45,nw_tos=0,tp_src=60126,tp_dst=80 actions=output:50
 cookie=0x0, duration=1.729s, table=0, n_packets=1, n_bytes=46, idle_timeout=10, hard_timeout=30, reset_counts priority=65535,udp,in_port=6,vlan_tci=0x0000/0x1fff,dl_src=02:28:5c:dc:09:3e,dl_dst=ba:96:48:c9:52:b8,nw_src=10.10.0.6,nw_dst=10.20.0.24,nw_tos=0,tp_src=48278,tp_dst=80 actions=output:50
 cookie=0x0, duration=1.727s, table=0, n_packets=1, n_bytes=46, idle_timeout=10, hard_timeout=30, reset_counts priority=65535,udp,in_port=6,vlan_tci=0x0000/0x1fff,dl_src=02:28:5c:dc:09:3e,dl_dst=ba:96:48:c9:52:b8,nw_src=10.10.0.6,nw_dst=10.60.0.38,nw_tos=0,tp_src=56182,tp_dst=80 actions=output:50
 cookie=0x0, duration=1.698s, table=0, n_packets=1, n_bytes=46, idle_timeout=10, hard_timeout=30, reset_counts priority=65535,udp,in_port=6,vlan_tci=0x0000/0x1fff,dl_src=02:28:5c:dc:09:3e,dl_dst=ba:96:48:c9:52:b8,nw_src=10.10.0.6,nw_dst=10.60.0.44,nw_tos=0,tp_src=55043,tp_dst=80 actions=output:50
 cookie=0x0, duration=1.603s, table=0, n_packets=1, n_bytes=46, idle_timeout=10, hard_timeout=30, reset_counts priority=65535,udp,in_port=35,vlan_tci=0x0000/0x1fff,dl_src=6a:6b:de:65:42:8a,dl_dst=ba:96:48:c9:52:b8,nw_src=10.50.0.35,nw_dst=10.10.0.38,nw_tos=0,tp_src=42434,tp_dst=80 actions=output:50
 cookie=0x0, duration=1.597s, table=0, n_packets=1, n_bytes=46, idle_timeout=10, hard_timeout=30, reset_counts priority=65535,udp,in_port=14,vlan_tci=0x0000/0x1fff,dl_src=c2:64:43:ce:4d:3b,dl_dst=ba:96:48:c9:52:b8,nw_src=10.20.0.14,nw_dst=10.60.0.16,nw_tos=0,tp_src=36121,tp_dst=80 actions=output:50
 cookie=0x0, duration=1.596s, table=0, n_packets=1, n_bytes=46, idle_timeout=10, hard_timeout=30, reset_counts priority=65535,udp,in_port=14,vlan_tci=0x0000/0x1fff,dl_src=c2:64:43:ce:4d:3b,dl_dst=ba:96:48:c9:52:b8,nw_src=10.20.0.14,nw_dst=10.50.0.22,nw_tos=0,tp_src=43187,tp_dst=80 actions=output:50
 cookie=0x0, duration=1.595s, table=0, n_packets=1, n_bytes=46, idle_timeout=10, hard_timeout=30, reset_counts priority=65535,udp,in_port=36,vlan_tci=0x0000/0x1fff,dl_src=6a:66:55:5e:ee:43,dl_dst=ba:96:48:c9:52:b8,nw_src=10.50.0.36,nw_dst=10.60.0.44,nw_tos=0,tp_src=36094,tp_dst=80 actions=output:50
 cookie=0x0, duration=1.595s, table=0, n_packets=1, n_bytes=46, idle_timeout=10, hard_timeout=30, reset_counts priority=65535,udp,in_port=14,vlan_tci=0x0000/0x1fff,dl_src=c2:64:43:ce:4d:3b,dl_dst=ba:96:48:c9:52:b8,nw_src=10.20.0.14,nw_dst=10.60.0.21,nw_tos=0,tp_src=41239,tp_dst=80 actions=output:50
 cookie=0x0, duration=1.579s, table=0, n_packets=1, n_bytes=46, idle_timeout=10, hard_timeout=30, reset_counts priority=65535,udp,in_port=40,vlan_tci=0x0000/0x1fff,dl_src=ba:73:6e:f7:c9:21,dl_dst=ba:96:48:c9:52:b8,nw_src=10.50.0.40,nw_dst=10.10.0.47,nw_tos=0,tp_src=48060,tp_dst=80 actions=output:50
 cookie=0x0, duration=1.513s, table=0, n_packets=1, n_bytes=46, idle_timeout=10, hard_timeout=30, reset_counts priority=65535,udp,in_port=2,vlan_tci=0x0000/0x1fff,dl_src=86:27:34:34:84:e5,dl_dst=ba:96:48:c9:52:b8,nw_src=10.10.0.2,nw_dst=10.60.0.37,nw_tos=0,tp_src=44060,tp_dst=80 actions=output:50
 cookie=0x0, duration=1.512s, table=0, n_packets=1, n_bytes=46, idle_timeout=10, hard_timeout=30, reset_counts priority=65535,udp,in_port=2,vlan_tci=0x0000/0x1fff,dl_src=86:27:34:34:84:e5,dl_dst=ba:96:48:c9:52:b8,nw_src=10.10.0.2,nw_dst=10.50.0.38,nw_tos=0,tp_src=42853,tp_dst=80 actions=output:50
 cookie=0x0, duration=1.506s, table=0, n_packets=1, n_bytes=46, idle_timeout=10, hard_timeout=30, reset_counts priority=65535,udp,in_port=2,vlan_tci=0x0000/0x1fff,dl_src=86:27:34:34:84:e5,dl_dst=ba:96:48:c9:52:b8,nw_src=10.10.0.2,nw_dst=10.20.0.44,nw_tos=0,tp_src=55256,tp_dst=80 actions=output:50
 cookie=0x0, duration=1.457s, table=0, n_packets=1, n_bytes=46, idle_timeout=10, hard_timeout=30, reset_counts priority=65535,udp,in_port=10,vlan_tci=0x0000/0x1fff,dl_src=ee:28:20:d0:a5:e9,dl_dst=ba:96:48:c9:52:b8,nw_src=10.20.0.10,nw_dst=10.50.0.34,nw_tos=0,tp_src=40919,tp_dst=80 actions=output:50
 cookie=0x0, duration=1.447s, table=0, n_packets=1, n_bytes=46, idle_timeout=10, hard_timeout=30, reset_counts priority=65535,udp,in_port=15,vlan_tci=0x0000/0x1fff,dl_src=9e:5b:d0:da:3c:e6,dl_dst=ba:96:48:c9:52:b8,nw_src=10.20.0.15,nw_dst=10.10.0.23,nw_tos=0,tp_src=53436,tp_dst=80 actions=output:50
 cookie=0x0, duration=1.445s, table=0, n_packets=1, n_bytes=46, idle_timeout=10, hard_timeout=30, reset_counts priority=65535,udp,in_port=15,vlan_tci=0x0000/0x1fff,dl_src=9e:5b:d0:da:3c:e6,dl_dst=ba:96:48:c9:52:b8,nw_src=10.20.0.15,nw_dst=10.10.0.30,nw_tos=0,tp_src=39332,tp_dst=80 actions=output:50
 cookie=0x0, duration=1.445s, table=0, n_packets=1, n_bytes=46, idle_timeout=10, hard_timeout=30, reset_counts priority=65535,udp,in_port=8,vlan_tci=0x0000/0x1fff,dl_src=92:4f:e6:31:1b:10,dl_dst=ba:96:48:c9:52:b8,nw_src=10.10.0.8,nw_dst=10.50.0.38,nw_tos=0,tp_src=45170,tp_dst=80 actions=output:50
 cookie=0x0, duration=1.445s, table=0, n_packets=1, n_bytes=46, idle_timeout=10, hard_timeout=30, reset_counts priority=65535,udp,in_port=15,vlan_tci=0x0000/0x1fff,dl_src=9e:5b:d0:da:3c:e6,dl_dst=ba:96:48:c9:52:b8,nw_src=10.20.0.15,nw_dst=10.60.0.47,nw_tos=0,tp_src=50859,tp_dst=80 actions=output:50
 cookie=0x0, duration=0.745s, table=0, n_packets=1, n_bytes=46, idle_timeout=10, hard_timeout=30, reset_counts priority=65535,udp,in_port=7,vlan_tci=0x0000/0x1fff,dl_src=02:6c:c4:38:66:a8,dl_dst=ba:96:48:c9:52:b8,nw_src=10.10.0.7,nw_dst=10.50.0.17,nw_tos=0,tp_src=49296,tp_dst=80 actions=output:50
 cookie=0x0, duration=0.738s, table=0, n_packets=1, n_bytes=46, idle_timeout=10, hard_timeout=30, reset_counts priority=65535,udp,in_port=6,vlan_tci=0x0000/0x1fff,dl_src=02:28:5c:dc:09:3e,dl_dst=ba:96:48:c9:52:b8,nw_src=10.10.0.6,nw_dst=10.20.0.28,nw_tos=0,tp_src=47508,tp_dst=80 actions=output:50
 cookie=0x0, duration=0.631s, table=0, n_packets=1, n_bytes=46, idle_timeout=10, hard_timeout=30, reset_counts priority=65535,udp,in_port=9,vlan_tci=0x0000/0x1fff,dl_src=0e:9b:1e:e9:4c:ab,dl_dst=ba:96:48:c9:52:b8,nw_src=10.20.0.9,nw_dst=10.50.0.11,nw_tos=0,tp_src=40753,tp_dst=80 actions=output:50
 cookie=0x0, duration=0.630s, table=0, n_packets=1, n_bytes=46, idle_timeout=10, hard_timeout=30, reset_counts priority=65535,udp,in_port=9,vlan_tci=0x0000/0x1fff,dl_src=0e:9b:1e:e9:4c:ab,dl_dst=ba:96:48:c9:52:b8,nw_src=10.20.0.9,nw_dst=10.50.0.48,nw_tos=0,tp_src=36696,tp_dst=80 actions=output:50
 cookie=0x0, duration=0.560s, table=0, n_packets=1, n_bytes=46, idle_timeout=10, hard_timeout=30, reset_counts priority=65535,udp,in_port=12,vlan_tci=0x0000/0x1fff,dl_src=fa:0d:7b:a8:05:89,dl_dst=ba:96:48:c9:52:b8,nw_src=10.20.0.12,nw_dst=10.50.0.25,nw_tos=0,tp_src=56966,tp_dst=80 actions=output:50
 cookie=0x0, duration=0.556s, table=0, n_packets=1, n_bytes=46, idle_timeout=10, hard_timeout=30, reset_counts priority=65535,udp,in_port=5,vlan_tci=0x0000/0x1fff,dl_src=76:2b:05:80:ee:98,dl_dst=ba:96:48:c9:52:b8,nw_src=10.10.0.5,nw_dst=10.60.0.7,nw_tos=0,tp_src=37264,tp_dst=80 actions=output:50
 cookie=0x0, duration=0.538s, table=0, n_packets=1, n_bytes=46, idle_timeout=10, hard_timeout=30, reset_counts priority=65535,udp,in_port=5,vlan_tci=0x0000/0x1fff,dl_src=76:2b:05:80:ee:98,dl_dst=ba:96:48:c9:52:b8,nw_src=10.10.0.5,nw_dst=10.50.0.46,nw_tos=0,tp_src=59388,tp_dst=80 actions=output:50
 cookie=0x0, duration=0.537s, table=0, n_packets=1, n_bytes=46, idle_timeout=10, hard_timeout=30, reset_counts priority=65535,udp,in_port=37,vlan_tci=0x0000/0x1fff,dl_src=a2:43:7d:d2:a2:f9,dl_dst=ba:73:6e:f7:c9:21,nw_src=10.50.0.37,nw_dst=10.50.0.40,nw_tos=0,tp_src=58119,tp_dst=80 actions=output:40
 cookie=0x0, duration=0.533s, table=0, n_packets=1, n_bytes=46, idle_timeout=10, hard_timeout=30, reset_counts priority=65535,udp,in_port=37,vlan_tci=0x0000/0x1fff,dl_src=a2:43:7d:d2:a2:f9,dl_dst=ba:96:48:c9:52:b8,nw_src=10.50.0.37,nw_dst=10.20.0.45,nw_tos=0,tp_src=37527,tp_dst=80 actions=output:50
 cookie=0x0, duration=0.528s, table=0, n_packets=1, n_bytes=46, idle_timeout=10, hard_timeout=30, reset_counts priority=65535,udp,in_port=5,vlan_tci=0x0000/0x1fff,dl_src=76:2b:05:80:ee:98,dl_dst=ba:96:48:c9:52:b8,nw_src=10.10.0.5,nw_dst=10.20.0.36,nw_tos=0,tp_src=37873,tp_dst=80 actions=output:50
 cookie=0x0, duration=0.521s, table=0, n_packets=1, n_bytes=46, idle_timeout=10, hard_timeout=30, reset_counts priority=65535,udp,in_port=5,vlan_tci=0x0000/0x1fff,dl_src=76:2b:05:80:ee:98,dl_dst=ba:96:48:c9:52:b8,nw_src=10.10.0.5,nw_dst=10.60.0.44,nw_tos=0,tp_src=49365,tp_dst=80 actions=output:50
 cookie=0x0, duration=0.519s, table=0, n_packets=1, n_bytes=46, idle_timeout=10, hard_timeout=30, reset_counts priority=65535,udp,in_port=2,vlan_tci=0x0000/0x1fff,dl_src=86:27:34:34:84:e5,dl_dst=ba:96:48:c9:52:b8,nw_src=10.10.0.2,nw_dst=10.60.0.26,nw_tos=0,tp_src=39337,tp_dst=80 actions=output:50
 cookie=0x0, duration=0.462s, table=0, n_packets=1, n_bytes=46, idle_timeout=10, hard_timeout=30, reset_counts priority=65535,udp,in_port=11,vlan_tci=0x0000/0x1fff,dl_src=ee:cd:1c:c7:f9:53,dl_dst=ba:96:48:c9:52:b8,nw_src=10.20.0.11,nw_dst=10.50.0.15,nw_tos=0,tp_src=54263,tp_dst=80 actions=output:50
 cookie=0x0, duration=0.461s, table=0, n_packets=1, n_bytes=46, idle_timeout=10, hard_timeout=30, reset_counts priority=65535,udp,in_port=3,vlan_tci=0x0000/0x1fff,dl_src=46:b5:b8:3f:37:13,dl_dst=ba:96:48:c9:52:b8,nw_src=10.10.0.3,nw_dst=10.50.0.45,nw_tos=0,tp_src=40930,tp_dst=80 actions=output:50
 cookie=0x0, duration=0.459s, table=0, n_packets=1, n_bytes=46, idle_timeout=10, hard_timeout=30, reset_counts priority=65535,udp,in_port=11,vlan_tci=0x0000/0x1fff,dl_src=ee:cd:1c:c7:f9:53,dl_dst=ba:96:48:c9:52:b8,nw_src=10.20.0.11,nw_dst=10.10.0.42,nw_tos=0,tp_src=36329,tp_dst=80 actions=output:50
 cookie=0x0, duration=0.458s, table=0, n_packets=1, n_bytes=46, idle_timeout=10, hard_timeout=30, reset_counts priority=65535,udp,in_port=8,vlan_tci=0x0000/0x1fff,dl_src=92:4f:e6:31:1b:10,dl_dst=ba:96:48:c9:52:b8,nw_src=10.10.0.8,nw_dst=10.50.0.32,nw_tos=0,tp_src=34801,tp_dst=80 actions=output:50
 cookie=0x0, duration=0.458s, table=0, n_packets=1, n_bytes=46, idle_timeout=10, hard_timeout=30, reset_counts priority=65535,udp,in_port=11,vlan_tci=0x0000/0x1fff,dl_src=ee:cd:1c:c7:f9:53,dl_dst=ba:96:48:c9:52:b8,nw_src=10.20.0.11,nw_dst=10.60.0.46,nw_tos=0,tp_src=50267,tp_dst=80 actions=output:50
 cookie=0x0, duration=0.457s, table=0, n_packets=1, n_bytes=46, idle_timeout=10, hard_timeout=30, reset_counts priority=65535,udp,in_port=10,vlan_tci=0x0000/0x1fff,dl_src=ee:28:20:d0:a5:e9,dl_dst=ba:96:48:c9:52:b8,nw_src=10.20.0.10,nw_dst=10.10.0.23,nw_tos=0,tp_src=50516,tp_dst=80 actions=output:50
 cookie=0x0, duration=0.447s, table=0, n_packets=1, n_bytes=46, idle_timeout=10, hard_timeout=30, reset_counts priority=65535,udp,in_port=8,vlan_tci=0x0000/0x1fff,dl_src=92:4f:e6:31:1b:10,dl_dst=ba:96:48:c9:52:b8,nw_src=10.10.0.8,nw_dst=10.60.0.14,nw_tos=0,tp_src=58458,tp_dst=80 actions=output:50
 cookie=0x0, duration=0.447s, table=0, n_packets=1, n_bytes=46, idle_timeout=10, hard_timeout=30, reset_counts priority=65535,udp,in_port=1,vlan_tci=0x0000/0x1fff,dl_src=86:95:aa:4b:3b:3f,dl_dst=ba:96:48:c9:52:b8,nw_src=10.10.0.1,nw_dst=10.20.0.29,nw_tos=0,tp_src=42698,tp_dst=80 actions=output:50
 cookie=0x0, duration=0.445s, table=0, n_packets=1, n_bytes=46, idle_timeout=10, hard_timeout=30, reset_counts priority=65535,udp,in_port=8,vlan_tci=0x0000/0x1fff,dl_src=92:4f:e6:31:1b:10,dl_dst=ba:96:48:c9:52:b8,nw_src=10.10.0.8,nw_dst=10.50.0.20,nw_tos=0,tp_src=38802,tp_dst=80 actions=output:50
 cookie=0x0, duration=0.445s, table=0, n_packets=1, n_bytes=46, idle_timeout=10, hard_timeout=30, reset_counts priority=65535,udp,in_port=15,vlan_tci=0x0000/0x1fff,dl_src=9e:5b:d0:da:3c:e6,dl_dst=ba:96:48:c9:52:b8,nw_src=10.20.0.15,nw_dst=10.60.0.17,nw_tos=0,tp_src=43564,tp_dst=80 actions=output:50
 cookie=0x0, duration=0.444s, table=0, n_packets=1, n_bytes=46, idle_timeout=10, hard_timeout=30, reset_counts priority=65535,udp,in_port=3,vlan_tci=0x0000/0x1fff,dl_src=46:b5:b8:3f:37:13,dl_dst=ba:96:48:c9:52:b8,nw_src=10.10.0.3,nw_dst=10.50.0.27,nw_tos=0,tp_src=50782,tp_dst=80 actions=output:50
 cookie=0x0, duration=0.443s, table=0, n_packets=1, n_bytes=46, idle_timeout=10, hard_timeout=30, reset_counts priority=65535,udp,in_port=3,vlan_tci=0x0000/0x1fff,dl_src=46:b5:b8:3f:37:13,dl_dst=ba:96:48:c9:52:b8,nw_src=10.10.0.3,nw_dst=10.60.0.36,nw_tos=0,tp_src=48418,tp_dst=80 actions=output:50
 cookie=0x0, duration=0.442s, table=0, n_packets=1, n_bytes=46, idle_timeout=10, hard_timeout=30, reset_counts priority=65535,udp,in_port=4,vlan_tci=0x0000/0x1fff,dl_src=86:28:05:a5:3e:f9,dl_dst=ba:96:48:c9:52:b8,nw_src=10.10.0.4,nw_dst=10.50.0.23,nw_tos=0,tp_src=41676,tp_dst=80 actions=output:50
 cookie=0x0, duration=0.440s, table=0, n_packets=1, n_bytes=46, idle_timeout=10, hard_timeout=30, reset_counts priority=65535,udp,in_port=1,vlan_tci=0x0000/0x1fff,dl_src=86:95:aa:4b:3b:3f,dl_dst=ba:96:48:c9:52:b8,nw_src=10.10.0.1,nw_dst=10.20.0.22,nw_tos=0,tp_src=38741,tp_dst=80 actions=output:50
 cookie=0x0, duration=0.439s, table=0, n_packets=1, n_bytes=46, idle_timeout=10, hard_timeout=30, reset_counts priority=65535,udp,in_port=1,vlan_tci=0x0000/0x1fff,dl_src=86:95:aa:4b:3b:3f,dl_dst=ba:96:48:c9:52:b8,nw_src=10.10.0.1,nw_dst=10.20.0.26,nw_tos=0,tp_src=60422,tp_dst=80 actions=output:50
 cookie=0x0, duration=0.438s, table=0, n_packets=1, n_bytes=46, idle_timeout=10, hard_timeout=30, reset_counts priority=65535,udp,in_port=1,vlan_tci=0x0000/0x1fff,dl_src=86:95:aa:4b:3b:3f,dl_dst=ba:96:48:c9:52:b8,nw_src=10.10.0.1,nw_dst=10.50.0.31,nw_tos=0,tp_src=36172,tp_dst=80 actions=output:50
 cookie=0x0, duration=0.359s, table=0, n_packets=1, n_bytes=46, idle_timeout=10, hard_timeout=30, reset_counts priority=65535,udp,in_port=16,vlan_tci=0x0000/0x1fff,dl_src=12:d9:df:65:27:e2,dl_dst=ba:96:48:c9:52:b8,nw_src=10.20.0.16,nw_dst=10.10.0.35,nw_tos=0,tp_src=55424,tp_dst=80 actions=output:50
